序号,日期,代码,名称,涨跌幅,最新价,涨停价,成交额,流通市值,总市值,换手率,涨速,是否新高,量比,涨停统计,入选理由,所属行业
1,20240527,300254,仟源医药,20.040485382080078,11.86,11.86,594168192,2668756116.7,2865596157.18,22.30820655822754,0.0,1,3.458277940750122,1/1,1,化学制药
2,20240527,300905,宝丽迪,20.0,43.98,43.98,931771776,5166915226.139999,7753663268.879999,19.468835830688477,0.0,1,1.3345246315002441,1/1,1,塑料制品
3,20240527,301361,众智科技,19.99101448059082,26.71,26.71,515959232,776833640.0,3107334560.0,67.71964263916016,0.0,1,7.014387607574463,2/2,3,电网设备
4,20240527,300822,贝仕达克,12.598424911499023,14.3,15.24,272365248,3184011459.2000003,3432107250.0,8.71816635131836,0.0,1,2.7060959339141846,0/0,1,消费电子
5,20240527,002016,世荣兆业,10.082645416259766,6.66,6.66,75889345,5388576909.12,5388576909.12,1.4598150253295898,0.0,1,1.5160130262374878,1/1,1,房地产开
6,20240527,600969,郴电国际,10.082645416259766,6.66,6.66,28534064,2464536223.44,2464536196.8,1.1577863693237305,0.0,1,0.9602376222610474,2/2,3,电力行业
7,20240527,600310,广西能源,10.052909851074219,4.16,4.16,597748480,6097356603.52,6097356595.2,9.977994918823242,0.0,1,5.365912437438965,2/2,3,电力行业
8,20240527,600268,国电南自,10.028653144836426,7.68,7.68,525122032,6407563937.28,6504168775.679999,8.396188735961914,0.0,1,4.801170825958252,1/1,1,电网设备
9,20240527,603068,博通集成,10.017498016357422,25.15,25.15,432237344,3783187894.8999996,3783187894.8999996,12.167384147644043,0.0,0,5.652203559875488,2/2,2,半导体
10,20240527,605162,新中港,10.0,9.02,9.02,63964428,915248494.8199999,3612418356.7999997,6.988749980926514,0.0,1,1.2363100051879883,2/2,3,公用事业
11,20240527,002246,北化股份,9.990485191345215,11.56,11.56,509097264,6346842218.64,6346842288.0,8.152071952819824,0.0,0,0.46683189272880554,3/2,2,化学制品
12,20240527,002956,西麦食品,9.986129760742188,15.86,15.86,177920650,3529033849.12,3541183830.3399997,5.216248512268066,0.0,1,2.5610251426696777,1/1,1,食品饮料
13,20240527,002182,宝武镁业,9.983174324035645,19.61,19.61,468810656,10926627012.46,13892166087.84,4.456084251403809,0.0,1,1.8779183626174927,1/1,1,有色金属
14,20240527,600550,保变电气,9.97624683380127,4.63,4.63,175457566,8526276862.4,8526276862.4,2.1069257259368896,0.0,1,3.1169180870056152,1/1,1,电网设备
15,20240527,601020,华钰矿业,9.968847274780273,14.12,14.12,1260146976,11116760945.92,11116760945.92,11.539825439453125,0.0,1,1.25727117061615,1/1,1,有色金属
16,20240527,600719,大连热电,9.958932876586914,10.71,10.71,888511792,4333261716.0,4333261716.0,20.728160858154297,0.0,1,3.049861431121826,2/2,3,电力行业
17,20240527,000638,万方发展,9.93914794921875,5.42,5.42,241704271,1680989157.42,1687715068.48,15.01294231414795,0.0,0,1.701584815979004,3/3,2,农牧饲渔
18,20240527,688456,有研粉材,9.700841903686523,37.77,41.32,169509576,3915238200.0000005,3915238200.0000005,4.431217670440674,0.0,1,1.5470848083496094,0/0,1,有色金属
19,20240527,300001,特锐德,9.466865539550781,21.97,24.08,1041468608,22583980650.399998,23198072732.64,4.740779876708984,0.0,1,4.211721897125244,0/0,1,电网设备
20,20240527,301381,赛维时代,9.31899642944336,30.5,33.48,475191312,1020108764.5,12203050000.0,45.26277542114258,0.0,1,2.8936526775360107,0/0,1,互联网服
21,20240527,301082,久盛电气,8.95196533203125,14.97,16.49,241132254,1017041171.34,2419891667.7000003,24.010601043701172,0.0,1,3.863802433013916,0/0,1,电网设备
22,20240527,000682,东方电子,8.823529243469238,12.21,12.34,752096240,16368660761.970001,16370276767.68,4.657922744750977,0.08196721225976944,1,2.6006813049316406,0/0,1,电网设备
23,20240527,300515,三德科技,8.797654151916504,11.13,12.28,95750752,2045615733.8400002,2290047585.0,4.802249908447266,0.0,1,2.9364280700683594,0/0,1,仪器仪表
24,20240527,688100,威胜信息,8.522567749023438,38.71,42.8,141758416,19355000000.0,19355000000.0,0.7569528222084045,0.0,1,1.428856611251831,0/0,1,通信设备
25,20240527,000875,吉电股份,8.30324935913086,6.0,6.09,2078740384,16739797794.0,16741249056.0,12.675435066223145,0.0,1,4.936614513397217,2/1,1,电力行业
26,20240527,601001,晋控煤业,7.359550952911377,19.11,19.58,556641968,31984407000.0,31984407000.0,1.7605458498001099,0.052356019616127014,1,1.7141367197036743,0/0,1,煤炭行业
27,20240527,836239,长虹能源,7.130434989929199,18.48,22.42,50576024,918725512.32,2403379495.44,5.596824645996094,0.0,1,1.758539080619812,0/0,1,电池
28,20240527,601126,四方股份,7.048192501068115,17.77,18.26,750523632,14450066440.0,14788656020.0,5.212681293487549,-0.44817930459976196,1,3.5671756267547607,0/0,1,电网设备
29,20240527,603389,亚振家居,6.813996315002441,5.8,5.97,210741334,1523961600.0,1523961600.0,14.70323657989502,0.0,0,1.042512059211731,10/5,2,装修建材
30,20240527,301295,美硕科技,6.670140266418457,20.47,23.03,110995669,515844000.0,2063376000.0,22.24173355102539,0.0,1,2.7114579677581787,0/0,1,电网设备
31,20240527,601919,中远海控,6.364922046661377,15.04,15.55,3715342096,191877414527.68,240002107637.75998,1.9499338865280151,-0.33134526014328003,1,2.0136101245880127,0/0,1,航运港口
32,20240527,003020,立方制药,6.354249477386475,26.78,27.7,128420206,3059804682.7400002,4275243182.0800004,4.298862457275391,0.22455090284347534,1,2.246323585510254,0/0,1,化学制药
33,20240527,300218,安利股份,6.269592761993408,16.95,19.14,68360365,3665884878.2999997,3677929650.0,1.9117496013641357,0.0,1,1.43636155128479,0/0,1,塑料制品
34,20240527,003010,若羽臣,5.828220844268799,17.25,17.93,167679081,1580881494.0,2110181115.0,10.526005744934082,-0.05793742462992668,1,3.619842290878296,0/0,1,互联网服
35,20240527,600023,浙能电力,5.828220844268799,6.9,7.17,870179552,92520255968.1,92520255436.8,0.9583760499954224,0.0,1,1.7308943271636963,0/0,1,电力行业
36,20240527,000400,许继电气,5.69219970703125,30.08,31.31,1060201408,30330327534.719997,30651800104.96,3.5162410736083984,-0.13280212879180908,1,2.285848617553711,0/0,1,电网设备
37,20240527,301016,雷尔伟,5.454545497894287,22.04,25.08,231031257,661200000.0,2644800000.0,35.38637924194336,0.0,1,1.4002207517623901,0/0,1,交运设备
38,20240527,600101,明星电力,5.220588207244873,14.31,14.96,1880603232,6030701507.7,6030701536.320001,31.16196632385254,-0.2787456512451172,1,1.4277070760726929,2/1,1,电力行业
39,20240527,300998,宁波方正,4.98177433013916,25.92,29.63,153542397,1704702360.96,3555426441.6000004,9.28812313079834,0.0,1,2.0435001850128174,0/0,1,汽车零部
40,20240527,688616,西力科技,4.926108360290527,12.78,14.62,31210496,1917000000.0,1917000000.0,1.654089331626892,0.0,1,1.5395499467849731,0/0,1,电网设备
41,20240527,688191,智洋创新,4.532891273498535,18.91,21.71,105499458,2902922263.77,2902922263.77,3.706296443939209,0.0,1,3.0269899368286133,0/0,1,电网设备
42,20240527,001338,永顺泰,4.18848180770874,11.94,12.61,197011890,2817296503.14,5990666134.08,7.0505876541137695,-0.08368200808763504,1,2.4696755409240723,0/0,1,酿酒行业
43,20240527,688676,金盘科技,4.061765670776367,62.0,71.5,483816240,28108613632.0,28108613632.0,1.739644169807434,0.0,1,1.2225509881973267,0/0,1,电网设备
44,20240527,300592,华凯易佰,4.00874662399292,14.27,16.46,349217248,2882854810.47,5777150593.44,11.761877059936523,0.0,1,2.192988157272339,0/0,1,互联网服
45,20240527,603097,江苏华辰,3.862212896347046,29.85,31.61,287227808,1194000000.0,4776000000.0,24.638750076293945,0.0,1,1.3199212551116943,0/0,1,电网设备
46,20240527,301179,泽宇智能,3.6702427864074707,18.36,21.25,267196600,1535857531.56,6116310276.48,17.56340217590332,0.0,1,3.031158208847046,0/0,1,软件开发
47,20240527,300040,九洲集团,3.463855266571045,6.87,7.97,1190089840,3164817842.25,4037452833.6,36.17502975463867,0.0,1,2.509493589401245,2/1,1,电网设备
48,20240527,301162,国能日新,3.3718879222869873,52.73,61.21,699708304,3193324317.95,5233435731.86,21.143661499023438,0.0,1,7.308814525604248,2/1,1,软件开发
49,20240527,300703,创源股份,3.370786428451538,9.2,10.68,79896385,1529569588.8,1659604927.9999998,5.211116313934326,0.0,1,3.470959186553955,0/0,1,家用轻工
50,20240527,300641,正丹股份,3.305004596710205,32.82,38.12,1828371680,16682018855.28,16684733856.960001,11.457865715026855,0.0,1,0.8671039938926697,0/0,1,化学制品
51,20240527,605016,百龙创园,2.949061632156372,30.72,32.82,44299142,7634780160.0,7634780160.0,0.5867942571640015,0.0,1,1.3363757133483887,0/0,1,食品饮料
52,20240527,300215,电科院,2.8862478733062744,6.06,7.07,627064704,4184546273.22,4539510803.5199995,14.514724731445312,0.0,1,1.7337687015533447,0/0,1,专业服务
53,20240527,600236,桂冠电力,2.8776979446411133,7.15,7.65,195105666,56359001284.3,56359000755.200005,0.3484230637550354,0.14005602896213531,1,2.2490992546081543,0/0,1,电力行业
54,20240527,002966,苏州银行,2.857142925262451,8.28,8.86,545737056,29508258692.519997,30360633695.999996,1.8706095218658447,-0.120627261698246,1,1.3663544654846191,0/0,1,银行
55,20240527,600018,上港集团,2.669039249420166,5.77,6.18,158234694,133712102730.49998,134349514572.79999,0.11914259940385818,-0.17301037907600403,1,1.141298532485962,0/0,1,航运港口
56,20240527,688360,德马科技,2.5723471641540527,19.14,22.39,87134073,2295790154.46,2575557180.2400002,3.81197190284729,0.0,1,2.003404140472412,0/0,1,通用设备
57,20240527,600956,新天绿能,2.5641026496887207,9.2,9.87,122744976,19921711500.8,38692376262.399994,0.6189729571342468,0.0,1,2.1608364582061768,0/0,1,燃气
58,20240527,601825,沪农商行,2.5,8.2,8.8,261609040,37898460249.0,79084444211.2,0.6963747143745422,0.0,1,1.181375503540039,0/0,1,银行
59,20240527,002128,电投能源,2.3266022205352783,23.31,25.06,554031584,49267398121.829994,52251078005.28,1.1209416389465332,-0.2994012236595154,1,1.148629069328308,0/0,1,煤炭行业
60,20240527,301323,新莱福,2.284196615219116,38.51,45.18,207164225,950951498.75,4040580493.8999996,22.018898010253906,0.0,1,1.4895213842391968,0/0,1,塑料制品
61,20240527,601009,南京银行,2.2772276401519775,10.33,11.11,381057280,95166424069.81,106850772385.28,0.40381526947021484,-0.09671179950237274,1,1.5694258213043213,0/0,1,银行
62,20240527,600886,国投电力,2.261904716491699,17.18,18.48,680978672,119673704101.45999,128062809651.2,0.5697786211967468,0.0,1,1.4643148183822632,0/0,1,电力行业
63,20240527,601117,中国化学,2.1144278049468994,8.21,8.84,725687792,49666481927.48,50158754611.200005,1.477258563041687,-0.12165450304746628,1,1.0585448741912842,0/0,1,工程建设
64,20240527,833455,汇隆活塞,2.0833334922790527,4.41,5.61,19499105,224288450.19,782554500.0,8.812581062316895,-0.22624436020851135,1,1.9621955156326294,0/0,1,通用设备
65,20240527,001210,金房能源,2.0624632835388184,17.32,18.67,45412643,899668070.88,1886108025.44,5.0702409744262695,0.0,1,1.6471041440963745,0/0,1,公用事业
66,20240527,601658,邮储银行,1.9801980257034302,5.15,5.56,744851728,345680335280.0,510679539916.80005,0.21691761910915375,0.19455252587795258,1,1.2220042943954468,0/0,1,银行
67,20240527,601229,上海银行,1.9059721231460571,8.02,8.66,473296704,111057915792.45999,113937502254.07999,0.4283089339733124,0.0,1,1.0401294231414795,0/0,1,银行
68,20240527,300498,温氏股份,1.7304189205169678,22.34,26.35,1127041664,121647481343.96,148606372003.84,0.9304325580596924,0.0,1,1.2768691778182983,0/0,1,农牧饲渔
69,20240527,601088,中国神华,1.6702977418899536,42.0,45.44,1085400976,692623594110.0,834477837312.0,0.1557573825120926,-0.30856871604919434,1,1.124531865119934,0/0,1,煤炭行业
70,20240527,600795,国电电力,1.492537260055542,5.44,5.9,1028325312,97025767806.08,97025767751.68001,1.065170168876648,0.18416206538677216,1,1.4509841203689575,0/0,1,电力行业
71,20240527,601019,山东出版,1.3991769552230835,12.32,13.37,86069272,25710608000.0,25710608000.0,0.3354855477809906,0.2441008985042572,1,0.6663199067115784,0/0,1,文化传媒
72,20240527,600483,福能股份,1.1111111640930176,10.92,11.88,345674928,27963811555.68,27963811599.36,1.2302390336990356,0.09165902435779572,1,1.7804110050201416,0/0,1,电力行业
73,20240527,601016,节能风电,0.9202454090118408,3.29,3.59,352933744,19607183979.81,21300154426.88,1.7948532104492188,0.0,1,1.7995117902755737,0/0,1,电力行业
74,20240527,000722,湖南发展,0.8695651888847351,11.6,12.65,836148912,5384236071.2,5384236140.8,15.076224327087402,0.0,1,3.651726245880127,2/1,1,电力行业
75,20240527,600900,长江电力,0.7984790802001953,26.51,28.93,2069505136,636432369894.53,648652448576.0,0.32490548491477966,-0.07538635283708572,1,1.0600101947784424,0/0,1,电力行业
76,20240527,301127,天源环保,0.6673021912574768,10.56,12.59,54943497,2610472402.56,4437653806.08,2.107445240020752,0.0,1,0.7648147940635681,0/0,1,环保行业
77,20240527,002897,意华股份,0.3396306335926056,47.27,51.82,1682170624,7716139106.990001,9172729129.92,21.146324157714844,0.10588733851909637,1,2.597285747528076,3/2,3,通信设备
78,20240527,600452,涪陵电力,0.1990709900856018,15.1,16.58,171184477,16572699270.3,16572699376.0,1.026261806488037,0.06626905500888824,1,1.0705218315124512,0/0,1,电力行业
79,20240527,600674,川投能源,0.05694761127233505,17.57,19.32,369049200,85646841967.96,85646842319.36,0.42948615550994873,0.05694761127233505,1,1.2606425285339355,0/0,1,电力行业
80,20240527,300882,万胜智能,-0.16137708723545074,18.56,22.31,591199952,4943029658.24,5311893975.04,11.611231803894043,0.0,1,5.5379958152771,2/1,1,电网设备
81,20240527,002225,濮耐股份,-0.20040079951286316,4.98,5.49,356461440,4110979352.76,5031652161.6,8.627073287963867,0.0,1,1.6619027853012085,2/1,1,装修建材
82,20240527,000560,我爱我家,-0.3012048006057739,3.31,3.65,1550719424,7443902728.41,7796707806.88,20.994384765625,0.3030302822589874,0,0.9277802109718323,8/4,2,房地产服
83,20240527,300697,电工合金,-1.313755750656128,12.77,15.53,464593184,3253796000.0,4249856000.0,13.860115051269531,0.0,1,1.1105788946151733,0/0,1,有色金属
84,20240527,000514,渝 开 发,-1.3245033025741577,4.47,4.98,419340752,3771656213.5499997,3771656191.2,11.351997375488281,0.0,0,1.2374342679977417,5/3,2,房地产开
85,20240527,600644,乐山电力,-1.3580247163772583,7.99,8.91,709160128,4301821265.41,4301821241.440001,15.947020530700684,0.0,1,1.9844022989273071,2/1,1,电力行业
86,20240527,600979,广安爱众,-1.7777777910232544,4.42,4.95,865216848,5446588271.8,5576523904.64,15.627462387084961,0.0,1,1.094852089881897,0/0,1,电力行业
87,20240527,605286,同力日升,-2.293396472930908,24.71,27.82,190606067,4151280000.0,4348960000.0,4.416798114776611,0.04048582911491394,1,1.4085739850997925,0/0,1,专用设备
88,20240527,001267,汇绿生态,-3.278688430786133,5.9,6.71,457813952,2143412640.2,4599471401.6,21.791301727294922,0.16977928578853607,0,1.4966174364089966,6/3,2,工程建设
89,20240527,002900,哈三联,-3.3245842456817627,11.05,12.57,244161697,1888342577.5500002,3496110030.4,12.846935272216797,0.09057971090078354,0,1.2410019636154175,4/2,2,化学制药
90,20240527,600889,南京化纤,-4.244482040405273,5.64,6.48,270017136,2066191496.3999999,2066191530.2399998,13.06722640991211,0.0,0,0.7333123087882996,12/7,2,化纤行业
91,20240527,301008,宏昌科技,-5.169462203979492,27.7,35.05,129017479,682744115.4,2216105315.4,17.98274803161621,0.0,1,1.246023416519165,0/0,1,家电行业
92,20240527,300991,创益通,-5.745489120483398,19.85,25.27,821507088,1720685340.0000002,2858400000.0,45.150733947753906,0.0,1,1.4634506702423096,2/1,1,电子元件
93,20240527,000958,电投产融,-5.855855941772461,4.18,4.88,621452128,22502595363.6,22502689848.32,2.6735899448394775,-0.4761905074119568,1,7.6376519203186035,2/1,1,电力行业
94,20240527,300956,英力股份,-6.303236484527588,22.0,28.18,670522288,1253909074.0,2904021120.0,50.6914176940918,0.0,0,1.1568232774734497,5/3,2,消费电子
95,20240527,000702,正虹科技,-6.6666669845581055,7.0,8.25,844762640,1866442032.0,2426374608.0,42.785675048828125,-6.542056083679199,1,1.922501802444458,10/6,3,农牧饲渔
96,20240527,600843,上工申贝,-7.977528095245361,8.19,9.79,767728864,3842934158.7,5840833471.2,19.79056739807129,0.0,0,0.8262407183647156,4/2,2,专用设备
97,20240527,002886,沃特股份,-9.418282508850098,16.35,19.86,822126096,3407269106.4,4303378287.75,23.563522338867188,0.06119951233267784,0,3.6839218139648438,3/2,2,塑料制品
98,20240527,603628,清源股份,-9.688196182250977,16.22,19.76,774892512,4441036000.0,4441036000.0,17.22575569152832,0.0616903118789196,0,2.0736496448516846,4/2,2,光伏设备
99,20240527,600714,金瑞矿业,-9.849246978759766,8.97,10.95,325267536,2584941168.8100004,2584941159.84,12.511249542236328,0.0,0,1.8483631610870361,7/4,2,化学原料
100,20240527,600620,天宸股份,-10.016977310180664,5.3,6.48,138993177,3639388698.9,3639388736.0,3.7475063800811768,0.0,0,2.1991257667541504,4/2,2,综合行业
101,20240527,002218,拓日新能,-10.047846794128418,3.76,4.6,310411760,5235417416.24,5312957245.44,5.869894027709961,0.0,0,0.9007753133773804,4/2,2,光伏设备
102,20240527,000620,新华联,-10.074626922607422,2.41,2.95,289440496,9989567644.150002,14151074554.880001,2.8452563285827637,0.0,0,1.3936655521392822,7/5,2,综合行业
103,20240527,301182,凯旺科技,-13.021868705749512,17.5,24.14,206929814,629504750.0,1676879750.0,30.9318904876709,0.0,1,4.1260528564453125,2/1,1,消费电子
104,20240527,301389,隆扬电子,-15.234720230102539,19.14,27.1,932245392,1570954679.5800002,5426190000.0,56.43817901611328,0.0,0,1.9729835987091064,3/2,2,电子元件
1,20240528,300637,扬帆新材,20.047170639038086,10.18,10.18,608630832,2384197432.6,2389756323.4,26.591598510742188,0.0,0,8.758846282958984,2/2,2,电子化学
2,20240528,300215,电科院,19.966997146606445,7.27,7.27,740617696,5020074489.49,5445914775.84,15.30003547668457,0.0,1,4.048916339874268,1/1,1,专业服务
3,20240528,837046,亿能电力,18.042226791381836,12.3,13.54,115154866,391656046.5,888675000.0,32.50638961791992,1.1513158082962036,1,3.4520654678344727,0/0,1,电网设备
4,20240528,300670,大烨智能,17.887563705444336,6.92,7.04,396271632,1550942889.4,2193089721.6,25.79328155517578,0.0,1,9.516027450561523,0/0,1,电网设备
5,20240528,300040,九洲集团,14.556041717529297,7.87,8.24,1002230112,3625490017.25,4625250627.2,29.556703567504883,0.0,1,3.8499107360839844,0/0,1,电网设备
6,20240528,688102,斯瑞新材,12.683823585510254,12.26,13.06,224060394,3951171263.56,6865771640.0,5.770997047424316,-0.6482982039451599,1,8.458576202392578,0/0,1,有色金属
7,20240528,600969,郴电国际,10.060060501098633,7.33,7.33,92976300,2712470047.72,2712470018.4,3.4277355670928955,0.0,1,8.2339448928833,3/3,3,电力行业
8,20240528,603068,博通集成,10.019880294799805,27.67,27.67,497499392,4162258809.2200003,4162258809.2200003,12.070752143859863,0.0,1,6.986005783081055,3/3,3,半导体
9,20240528,603097,江苏华辰,10.01675033569336,32.84,32.84,278343552,1313600000.0000002,5254400000.000001,21.772750854492188,0.0,1,2.793179988861084,1/1,1,电网设备
10,20240528,002719,麦趣尔,10.0,7.59,7.59,75258484,1228610719.05,1321718478.6299999,6.208906650543213,0.0,0,1.8333408832550049,3/2,2,食品饮料
11,20240528,002395,双象股份,9.993868827819824,17.94,17.94,467196720,4811669460.0,4811669460.0,9.963708877563477,0.0,0,4.26962947845459,2/2,2,塑料制品
12,20240528,600101,明星电力,9.993012428283691,15.74,15.74,1429472928,6633350225.8,6633350257.28,22.698850631713867,0.0,1,2.5162124633789062,3/2,3,电力行业
13,20240528,603530,神马电力,9.991909980773926,27.19,27.19,356262144,11691198670.78,11753239888.32,3.1718103885650635,0.0,1,4.497685432434082,2/2,3,电网设备
14,20240528,600719,大连热电,9.990663528442383,11.78,11.78,718603872,4766183288.0,4766183288.0,15.523553848266602,0.0,1,4.047125816345215,3/3,3,电力行业
15,20240528,601020,华钰矿业,9.985836029052734,15.53,15.53,952722656,12226862428.48,12226862428.48,7.908169269561768,0.0,1,2.105340003967285,2/2,3,有色金属
16,20240528,002922,伊戈尔,9.211126327514648,23.95,24.12,506130704,8925830849.6,9383171619.199999,6.046795845031738,0.9270964860916138,1,2.222764730453491,0/0,1,电子元件
17,20240528,600301,华锡有色,8.61244010925293,20.43,20.69,487796336,5625107962.83,12923353452.96,8.834914207458496,0.14705882966518402,1,4.4524617195129395,0/0,1,小金属
18,20240528,301106,骏成科技,8.47391128540039,27.65,30.59,94244785,806974485.0999999,2809829912.75,11.462058067321777,0.0,1,9.643428802490234,0/0,1,光学光电
19,20240528,300623,捷捷微电,8.210783958435059,17.66,19.58,551395232,11840504350.1,13002540632.64,4.693675994873047,0.0,1,10.335079193115234,0/0,1,半导体
20,20240528,688226,威腾电气,8.163265228271484,21.73,24.11,86624704,1842019070.4,3400885810.4,4.884986877441406,0.36951500177383423,1,2.6324057579040527,0/0,1,电网设备
21,20240528,300576,容大感光,8.160920143127441,37.64,41.76,1753788640,6908099838.96,11130475618.56,25.7800350189209,0.0,1,9.323932647705078,2/1,1,电子化学
22,20240528,300831,派瑞股份,7.944732189178467,12.5,13.9,270211472,2306053000.0,4000000000.0,11.723406791687012,0.0,1,8.81729507446289,0/0,1,半导体
23,20240528,301361,众智科技,7.600149631500244,28.74,32.05,513381200,835874160.0,3343496640.0,61.02981185913086,0.0,1,6.9803466796875,3/2,3,电网设备
24,20240528,300697,电工合金,6.812842845916748,13.64,15.32,333182448,3475472000.0,4539392000.0,9.935582160949707,0.0,1,2.1251096725463867,0/0,1,有色金属
25,20240528,605162,新中港,6.430154800415039,9.6,9.92,437253744,974100393.5999999,3844702464.0,44.31037902832031,0.10427528619766235,1,19.404050827026367,3/2,3,公用事业
26,20240528,000426,兴业银锡,6.33608865737915,15.44,15.97,679949520,22818542269.28,28366247938.559998,3.026477575302124,-0.1939237266778946,1,2.188628673553467,0/0,1,有色金属
27,20240528,300982,苏文电能,5.792014122009277,24.11,27.35,327670592,4674860190.059999,4989929670.059999,7.209389686584473,0.0,1,3.5192384719848633,0/0,1,工程建设
28,20240528,300582,英飞特,5.666316986083984,10.07,11.44,152306685,2230451336.9700003,3009394687.52,6.902545928955078,0.0,1,5.672081470489502,0/0,1,光学光电
29,20240528,002155,湖南黄金,5.613851070404053,20.13,20.97,856744320,24194514064.71,24197054571.36,3.5649726390838623,-0.39584362506866455,1,2.293440341949463,0/0,1,贵金属
30,20240528,603650,彤程新材,4.909213066101074,31.2,32.71,1054987536,18535023405.6,18714771878.399998,5.625603199005127,0.4184100329875946,1,10.324892044067383,2/1,1,橡胶制品
31,20240528,000875,吉电股份,4.8333330154418945,6.29,6.6,1587511632,17548888020.71,17550409427.04,9.110786437988281,-0.1587301641702652,1,4.839197158813477,0/0,1,电力行业
32,20240528,002893,京能热力,4.82456111907959,11.95,12.54,268728992,2410885003.0499997,3150498000.0,11.381606101989746,0.25167784094810486,1,5.459615230560303,0/0,1,公用事业
33,20240528,300444,双杰电气,4.5392022132873535,7.6,8.72,484368960,4501486786.8,6069550668.8,10.99989128112793,0.0,1,2.2137911319732666,0/0,1,电网设备
34,20240528,002970,锐明技术,4.463000297546387,36.28,38.2,203306364,4057525232.7200003,6277854920.0,5.0651679039001465,-0.30228084325790405,1,3.3111650943756104,0/0,1,计算机设
35,20240528,300200,高盟新材,4.413619041442871,8.28,9.52,190002341,3509225675.2799997,3568458095.9999995,5.630651473999023,0.0,1,5.559066295623779,0/0,1,化学制品
36,20240528,300880,迦南智能,4.388559818267822,21.17,24.34,320756880,4110382442.4,4110954032.4,7.871993064880371,0.0,1,3.211817502975464,0/0,1,电网设备
37,20240528,002246,北化股份,4.325259685516357,12.06,12.72,916204736,6621359615.64,6621359688.0,14.050480842590332,-0.8223684430122375,1,2.3650894165039062,4/2,3,化学制品
38,20240528,301468,博盈特焊,4.252781867980957,26.23,30.19,56899954,865590000.0,3462360000.0,6.67678165435791,0.0,1,3.780994176864624,0/0,1,专用设备
39,20240528,300514,友讯达,4.1447367668151855,15.83,18.24,181613536,2458750426.0,3166000000.0,7.45278263092041,0.0,1,2.7491915225982666,0/0,1,电网设备
40,20240528,301046,能辉科技,4.087072372436523,23.43,27.01,118103330,1382195141.91,3507251624.91,8.472951889038086,0.0,1,2.530845880508423,0/0,1,光伏设备
41,20240528,002025,航天电器,4.046242713928223,46.8,49.48,194900317,21179856110.399998,21381527980.8,0.9304309487342834,-0.02136295661330223,1,2.7920384407043457,0/0,1,电子元件
42,20240528,301115,建科股份,3.9692699909210205,16.24,18.74,55859653,1714179972.9599998,3008427519.9999995,3.1931309700012207,0.0,1,8.56213665008545,0/0,1,专业服务
43,20240528,600575,淮河能源,3.9548020362854004,3.68,3.89,211378252,14301440719.2,14301440744.960001,1.4949742555618286,0.2724795639514923,1,1.9735348224639893,0/0,1,物流行业
44,20240528,002851,麦格米特,3.91117000579834,31.35,33.19,1369515664,12951712590.300001,15714198535.2,10.235349655151367,0.15974441170692444,1,2.8069233894348145,0/0,1,电源设备
45,20240528,301179,泽宇智能,3.8671023845672607,19.07,22.03,191459015,1595250714.97,6352834257.76,12.135010719299316,0.0,1,3.443965196609497,0/0,1,软件开发
46,20240528,600268,国电南自,3.6458332538604736,7.96,8.45,526446224,6641173039.16,6741299928.96,7.991211414337158,0.251889169216156,1,6.3800740242004395,2/1,1,电网设备
47,20240528,001286,陕西能源,3.564728021621704,11.04,11.73,481086848,11592000000.0,41400000000.0,4.1741814613342285,0.0,1,4.690907955169678,0/0,1,电力行业
48,20240528,601985,中国核电,3.2460734844207764,9.86,10.51,889095328,186189188788.62,186189190021.12,0.4834233224391937,0.10152284801006317,1,2.1461524963378906,0/0,1,电力行业
49,20240528,600550,保变电气,3.2397408485412598,4.78,5.09,307946544,8802506134.4,8802506134.4,3.5194764137268066,-0.4166666865348816,1,9.219059944152832,2/1,1,电网设备
50,20240528,601117,中国化学,3.166869640350342,8.47,9.03,794961168,51239354680.36,51747216998.4,1.5619984865188599,-0.1179245263338089,1,2.694403886795044,0/0,1,工程建设
51,20240528,688676,金盘科技,3.0161290168762207,63.87,74.4,265103645,28956405688.32,28956405688.32,0.9440345764160156,-0.15632326900959015,1,1.6365920305252075,0/0,1,电网设备
52,20240528,603507,振江股份,2.857142925262451,33.84,36.19,99983892,4806326806.56,4806326806.56,2.066479444503784,-0.2358490526676178,1,2.104912281036377,0/0,1,风电设备
53,20240528,600758,辽宁能源,2.6239066123962402,3.52,3.77,53601344,4649016746.88,4653501219.84,1.1502840518951416,-0.28328612446784973,1,3.1804563999176025,0/0,1,煤炭行业
54,20240528,001210,金房能源,2.5981523990631104,17.77,19.05,51204362,923042818.68,1935111986.84,5.568933010101318,-0.05624297261238098,1,3.9420924186706543,0/0,1,公用事业
55,20240528,000638,万方发展,2.5830256938934326,5.56,5.96,445077520,1724409541.56,1731309184.6399999,25.16811180114746,0.0,0,5.971624374389648,4/3,2,农牧饲渔
56,20240528,601919,中远海控,2.460106372833252,15.41,16.54,2183911616,196597803049.97,245906414807.04,1.1211919784545898,-0.5164622068405151,1,2.5385899543762207,0/0,1,航运港口
57,20240528,603931,格林达,2.452667713165283,23.81,25.56,140470354,4751485027.8,4751485027.8,2.9687843322753906,0.042016807943582535,1,3.3573570251464844,0/0,1,电子化学
58,20240528,600021,上海电力,2.4295432567596436,10.54,11.32,952299056,27584910636.379997,29688478049.92,3.497493267059326,0.09496676176786423,1,2.323275566101074,0/0,1,电力行业
59,20240528,301137,哈焊华通,2.265575885772705,16.25,19.07,91942421,1652654250.0,2954467750.0,5.640446662902832,0.0,1,2.747724771499634,0/0,1,通用设备
60,20240528,601016,节能风电,2.127659559249878,3.36,3.62,336246912,20024358107.04,21753349201.92,1.6821784973144531,0.0,1,3.497974395751953,0/0,1,电力行业
61,20240528,833455,汇隆活塞,2.040816307067871,4.5,5.73,11911223,228865765.5,798525000.0,5.218242645263672,-0.44247788190841675,1,2.1700024604797363,0/0,1,通用设备
62,20240528,600026,中远海能,1.959686517715454,18.21,19.65,173958883,63275678152.950005,86875836787.2,0.27858611941337585,-0.2738225758075714,1,1.324452519416809,0/0,1,航运港口
63,20240528,000520,凤凰航运,1.8808776140213013,3.25,3.51,333956208,3289271228.75,3289271232.0,10.105484962463379,-0.3067484498023987,1,3.2902960777282715,2/1,1,航运港口
64,20240528,300298,三诺生物,1.8168336153030396,27.46,32.36,80262379,12498753270.58,15494727224.960001,0.6472280025482178,0.0,1,1.1670985221862793,0/0,1,医疗器械
65,20240528,600236,桂冠电力,1.6783217191696167,7.27,7.87,84097654,57304886620.53999,57304886082.56,0.14791984856128693,0.0,1,1.880706548690796,0/0,1,电力行业
66,20240528,600795,国电电力,1.470588207244873,5.52,5.98,422530992,98452617332.64,98452617277.43999,0.4332348704338074,0.0,1,1.325662612915039,0/0,1,电力行业
67,20240528,600889,南京化纤,1.4184396266937256,5.72,6.2,194118440,2095499177.1999998,2095499211.52,9.44300365447998,-0.3484320640563965,0,1.297791600227356,13/7,2,化纤行业
68,20240528,000863,三湘印象,1.3774104118347168,3.68,3.99,383794608,4282104738.2400002,4344974410.24,8.637319564819336,0.2724795639514923,1,5.501968860626221,2/1,1,房地产开
69,20240528,603606,东方电缆,1.3103160858154297,48.71,52.89,531850496,33498615575.28,33498615964.96,1.567450761795044,-0.020525451749563217,1,4.205662727355957,0/0,1,电网设备
70,20240528,603633,徕木股份,1.297169804573059,8.59,9.33,66697453,3666304926.62,3666304909.44,1.8085944652557373,0.23337222635746002,1,2.272296190261841,0/0,1,汽车零部
71,20240528,600674,川投能源,1.2521343231201172,17.79,19.33,121709146,86719255470.12,86719255825.92,0.1413203477859497,0.05624297261238098,1,0.9840227961540222,0/0,1,电力行业
72,20240528,300327,中颖电子,1.239846110343933,23.68,28.07,521658032,8033583287.68,8099231754.24,6.443883419036865,0.0,1,2.3747754096984863,0/0,1,半导体
73,20240528,000400,许继电气,1.230053186416626,30.45,33.09,400110192,30703406696.55,31028833550.399998,1.3101469278335571,0.09861932694911957,1,1.770189881324768,0/0,1,电网设备
74,20240528,601018,宁波港,1.1080331802368164,3.65,3.97,63558555,57697073400.5,71008517952.0,0.11046530306339264,0.0,1,2.020899772644043,0/0,1,航运港口
75,20240528,301127,天源环保,1.0416667461395264,10.67,12.67,21116736,2637664823.42,4483879366.56,0.804969310760498,0.0,1,0.7364150881767273,0/0,1,环保行业
76,20240528,688090,瑞松科技,1.0101009607315063,28.0,33.26,97793341,1873609024.0,1886096464.0,5.140364646911621,-0.035701535642147064,1,3.9334545135498047,0/0,1,专用设备
77,20240528,601126,四方股份,0.787844717502594,17.91,19.55,309601536,14563910520.0,14905167660.0,2.1364197731018066,0.3361344635486603,1,2.476409673690796,0/0,1,电网设备
78,20240528,600522,中天科技,0.7822685837745667,15.46,16.87,893624976,52764201619.920006,52764201558.08,1.674404501914978,0.0,1,2.404339075088501,0/0,1,通信设备
79,20240528,600875,东方电气,0.7547169923782349,18.69,20.41,451006448,37815552862.71,58266064832.64001,1.190062165260315,0.0,1,2.510761022567749,0/0,1,电源设备
80,20240528,002182,宝武镁业,0.6119326949119568,19.73,21.57,332830800,10993490614.78,13977176793.12,3.048550605773926,-0.20232675969600677,1,3.248795747756958,2/1,1,有色金属
81,20240528,601222,林洋能源,0.435413658618927,6.92,7.58,128265743,14256370559.52,14256370531.84,0.8954015374183655,-0.14430014789104462,1,2.3465607166290283,0/0,1,仪器仪表
82,20240528,002026,山东威达,0.33003300428390503,9.12,10.0,42190355,3903469239.3599997,4063417605.12,1.0748764276504517,0.10976948589086533,1,2.015174150466919,0/0,1,通用设备
83,20240528,600000,浦发银行,0.23419202864170074,8.56,9.39,187787512,251254637037.44,251254636421.12003,0.07458873093128204,-0.11668611317873001,1,0.9148755073547363,0/0,1,银行
84,20240528,600018,上港集团,0.17331022024154663,5.78,6.35,58892713,133943839477.0,134582356019.20001,0.04405688866972923,-0.1727115660905838,1,1.0892921686172485,0/0,1,航运港口
85,20240528,605016,百龙创园,0.0651041716337204,30.74,33.79,19795718,7639750720.0,7639750720.0,0.2595570683479309,0.0651041716337204,1,1.585608959197998,0/0,1,食品饮料
86,20240528,000682,东方电子,0.0,12.21,13.43,358574896,16368660761.970001,16370276767.68,2.1948204040527344,0.32867708802223206,1,2.240201473236084,0/0,1,电网设备
87,20240528,000819,岳阳兴长,0.0,17.8,19.58,82303422,5324874539.0,6580615571.2,1.531945824623108,-0.056148234754800797,1,1.320725917816162,0/0,1,石油行业
88,20240528,600023,浙能电力,0.0,6.9,7.59,327083568,92520255968.1,92520255436.8,0.35320883989334106,0.0,1,1.3590350151062012,0/0,1,电力行业
89,20240528,600310,广西能源,0.0,4.16,4.58,647893168,6097356603.52,6097356595.2,10.468317985534668,0.0,1,7.812687873840332,3/2,3,电力行业
90,20240528,601009,南京银行,0.0,10.33,11.36,151608342,95166424069.81,106850772385.28,0.15861542522907257,-0.19323670864105225,1,1.424860954284668,0/0,1,银行
91,20240528,836239,长虹能源,-0.05411255359649658,18.47,24.02,19967550,918228366.4799999,2402078965.41,2.1545891761779785,1.0393872261047363,1,1.4150311946868896,0/0,1,电池
92,20240528,601166,兴业银行,-0.274273157119751,18.18,20.05,513814128,377676737530.92,377676739676.16,0.13540968298912048,-0.10989011824131012,1,1.0071660280227661,0/0,1,银行
93,20240528,301109,军信股份,-0.2929115295410156,17.02,20.48,17262387,1679037143.62,6978370200.0,1.0258402824401855,0.0,1,1.1958459615707397,0/0,1,环保行业
94,20240528,601311,骆驼股份,-0.3448275923728943,8.67,9.57,65165884,10171176843.06,10171176791.039999,0.6390841007232666,0.0,1,2.074446678161621,0/0,1,电池
95,20240528,601328,交通银行,-0.422535240650177,7.07,7.81,336047744,277503608586.05,525037491937.28,0.12059114128351212,-0.28208744525909424,1,1.4134024381637573,0/0,1,银行
96,20240528,002353,杰瑞股份,-0.46592894196510315,34.18,37.77,116052218,23701620775.7,34995392611.2,0.49058645963668823,0.058548007160425186,1,0.780587375164032,0/0,1,专用设备
97,20240528,688100,威胜信息,-0.4908292591571808,38.52,46.45,51360638,19260000000.0,19260000000.0,0.2675173878669739,-0.20725388824939728,1,1.2357617616653442,0/0,1,通信设备
98,20240528,300001,特锐德,-0.5006827116012573,21.86,26.36,327118928,22470906555.2,23081923984.32,1.4548238515853882,0.0,1,1.9876805543899536,0/0,1,电网设备
99,20240528,600015,华夏银行,-0.5689900517463684,6.99,7.73,104240312,107556695641.17,111245349404.16,0.0966448038816452,-0.1428571343421936,1,1.0981301069259644,0/0,1,银行
100,20240528,601658,邮储银行,-0.5825242400169373,5.12,5.67,268348150,343666663424.0,507704707645.44,0.07787550240755081,0.0,1,1.0993554592132568,0/0,1,银行
101,20240528,601229,上海银行,-0.6234413981437683,7.97,8.82,235512857,110365534771.31,113227168698.87999,0.21328330039978027,0.0,1,1.30621337890625,0/0,1,银行
102,20240528,600663,陆家嘴,-0.6776379346847534,10.26,11.36,81461473,30097314374.399998,49380678051.84,0.2677158713340759,-0.19455252587795258,1,2.06943941116333,0/0,1,房地产开
103,20240528,600714,金瑞矿业,-0.780379056930542,8.9,9.87,133540381,2564768829.7000003,2564768820.8,5.194402694702148,0.0,0,1.467880129814148,8/4,2,化学原料
104,20240528,300998,宁波方正,-0.8873457312583923,25.69,31.1,50523290,1689575758.22,3523877518.7000003,2.9616055488586426,0.0,1,1.3602367639541626,0/0,1,汽车零部
105,20240528,300214,日科化学,-0.9493670463562012,6.26,7.58,184945098,2526309613.36,2917426726.08,7.306234359741211,0.0,1,6.321911334991455,0/0,1,塑料制品
106,20240528,601825,沪农商行,-1.097561001777649,8.11,9.02,91958822,37482501538.95,78216444213.76,0.24494978785514832,-0.2460024505853653,1,0.9989109635353088,0/0,1,银行
107,20240528,603323,苏农银行,-1.4842300415039062,5.31,5.93,74163981,8197208986.86,9574319286.72,0.8993473649024963,-0.3752345144748688,1,1.0319517850875854,0/0,1,银行
108,20240528,601187,厦门银行,-1.492537260055542,5.94,6.63,57256900,7617922313.76,15676419654.720001,0.7472406029701233,-0.16806723177433014,1,1.1138213872909546,0/0,1,银行
109,20240528,688456,有研粉材,-1.9857028722763062,37.02,45.32,66609166,3837493200.0000005,3837493200.0000005,1.7074368000030518,0.027019726112484932,1,1.4502332210540771,0/0,1,有色金属
110,20240528,603836,海程邦达,-2.15982723236084,13.59,15.28,130259323,2789146870.83,2789146870.83,4.531531810760498,-0.07352941483259201,1,6.666652202606201,2/1,1,物流行业
111,20240528,002897,意华股份,-2.3905224800109863,46.14,52.0,635637936,7531683063.18,8953452973.44,8.40024185180664,-0.12987013161182404,0,1.8008170127868652,4/2,2,通信设备
112,20240528,300218,安利股份,-2.4375741481781006,16.41,20.18,32864542,3549095625.54,3560756670.0,0.9188178181648254,0.0,1,1.5609179735183716,0/0,1,塑料制品
113,20240528,000702,正虹科技,-2.7142856121063232,6.81,7.7,480435584,1815781462.56,2360515868.64,26.862565994262695,0.14705882966518402,0,2.3001627922058105,11/6,2,农牧饲渔
114,20240528,002016,世荣兆业,-3.753753662109375,6.41,7.33,82991912,5186303001.12,5186303001.12,1.547131896018982,-0.31104201078414917,1,3.699802875518799,2/1,1,房地产开
115,20240528,301323,新莱福,-3.8691248893737793,37.02,46.21,118517158,914157997.5000001,3884245387.8,12.544646263122559,0.0,1,1.7392147779464722,0/0,1,塑料制品
116,20240528,002886,沃特股份,-4.220183372497559,15.66,17.99,274200144,3263476098.2400002,4121767827.9,8.363677024841309,-0.19120459258556366,0,2.051551580429077,4/2,2,塑料制品
117,20240528,301389,隆扬电子,-4.597701072692871,18.26,22.97,380711904,1498726878.22,5176710000.0,25.649093627929688,0.0,0,1.632860541343689,4/2,2,电子元件
118,20240528,000514,渝 开 发,-6.711409091949463,4.17,4.92,214460176,3518524924.0499997,3518524903.2,5.942315578460693,0.24038462340831757,0,1.472373366355896,6/3,2,房地产开
119,20240528,300905,宝丽迪,-6.980445861816406,40.91,52.78,810939312,4806241516.629999,7212423017.959999,15.890231132507324,0.0,1,2.475677013397217,2/1,1,塑料制品
120,20240528,000620,新华联,-8.713693618774414,2.2,2.65,286424864,9119107393.0,12917993369.6,3.1107678413391113,-0.4524887204170227,0,3.1542351245880127,8/5,2,综合行业
121,20240528,300956,英力股份,-8.96664810180664,16.65,21.95,361329712,1138777416.0,2637379180.7999997,30.767484664916992,0.0,0,1.7742148637771606,6/3,2,消费电子
122,20240528,300641,正丹股份,-13.772089958190918,28.3,39.38,1614311728,14384556173.2,14386897262.4,10.2264404296875,0.0,1,1.955641508102417,0/0,1,化学制品
